0,vid-27.mp4,7629,fast
5.0732915611096345,vid-19.mp4,4649,ultrafast
5.56517076014071,vid-34.mp4,6513,fast
3.259429584487095,vid-07.mp4,6599,fast
4.414798894028136,vid-23.mp4,2258,ultrafast
5.360904564809915,vid-28.mp4,7643,fast
8.962300944693043,vid-34.mp4,5115,fast
3.581362407730663,vid-02.mp4,868,fast
1.9389700529170533,vid-16.mp4,6031,fast
4.942601702979662,vid-27.mp4,6369,ultrafast
